INSERT INTO public.kategori (id, adi) VALUES (1, 'Emlak'),
                                             (2, 'Vasıta'),
                                             (3, 'Yedek Parça, Aksesuar, Donanım & Tuning'),
                                             (4, 'İkinci El ve Sıfır Alışveriş'),
                                             (5, 'İş Makineleri & Sanayi'),
                                             (6, 'Ustalar ve Hizmetler'),
                                             (7, 'Özel Ders Verenler'),
                                             (8, 'İş İlanları'),
                                             (9, 'Yardımcı Arayanlar'),
                                             (10, 'Hayvanlar Alemi');

INSERT INTO public.alt_kategori (id, adi, kategori_id) VALUES (1, 'Konut', 1),
                                                              (2, 'İş Yeri', 1),
                                                              (3, 'Arsa', 1),
                                                              (4, 'Projeler', 1),
                                                              (5, 'Bina', 1),
                                                              (6, 'Devre Mülk', 1),
                                                              (7, 'Turistik Tesis', 1),
                                                              (8, 'Otomobil', 2),
                                                              (9, 'Arazi, SUV & Pickup', 2),
                                                              (10, 'Motosiklet', 2),
                                                              (11, 'Minivan & Panelvan', 2),
                                                              (12, 'Ticari Araçlar', 2),
                                                              (13, 'Kiralık Araçlar', 2),
                                                              (14, 'Deniz Araçları', 2),
                                                              (15, 'Hasarlı Araçlar', 2),
                                                              (16, 'Klasik Araçlar', 2),
                                                              (17, 'Elektrikli Araçlar', 2),
                                                              (18, 'Modifiye Araçlar', 2),
                                                              (19, 'Hava Araçları', 2),
                                                              (20, 'ATV', 2),
                                                              (21, 'UTV', 2),
                                                              (22, 'Karavan', 2),
                                                              (23, 'Engelli Plakalı Araçlar', 2),
                                                              (24,'Otomotiv Ekipmanları',3),
                                                              (25,'Motosiklet Ekipmanları',3),
                                                              (26,'Deniz Aracı Ekipmanları',3),
                                                              (27,'Bilgisayar',4),
                                                              (28,'Cep Telefonu',4),
                                                              (29,'Fotoğraf & Kamera',4),
                                                              (30,'Ev Dekorasyon',4),
                                                              (31,'Ev Elektroniği',4),
                                                              (32,'Elektrikli Ev Aletleri',4),
                                                              (33,'Giyim & Aksesuar',4),
                                                              (34,'Saat',4),
                                                              (35,'Anne & Bebek',4),
                                                              (36,'Kişisel Bakım & Kozmetik',4),
                                                              (37,'Hobi & Oyuncak',4),
                                                              (38,'Oyun & Konsol',4),
                                                              (39,'Kitap, Dergi & Film',4),
                                                              (40,'Müzik',4),
                                                              (41,'Spor',4),
                                                              (42,'Takı, Mücevher & Altın',4),
                                                              (43,'Koleksiyon',4),
                                                              (44,'Antika',4),
                                                              (45,'Bahçe & Yapı Market',4),
                                                              (46,'Teknik Elektronik',4),
                                                              (47,'Ofis & Kırtasiye',4),
                                                              (48,'Yiyecek & İçecek',4),
                                                              (49,'Diğer Her Şey',4),
                                                              (50,'İş Makineleri',5),
                                                              (51,'Tarım Makineleri',5),
                                                              (52,'Sanayi',5),
                                                              (53,'Elektrik & Enerji',5),
                                                              (54,'Ev Tadilat & Dekorasyon',6),
                                                              (55,'Nakliye',6),
                                                              (56,'Araç Servis & Bakım',6),
                                                              (57,'Tamirat & Teknik Servis',6),
                                                              (58,'Düğün & Etkinlik',6),
                                                              (59,'Diğer',6),
                                                              (60,'Lise & Üniversite',7),
                                                              (61,'İlkokul & Ortaokul',7),
                                                              (62,'Yabancı Dil',7),
                                                              (63,'Bilgisayar',7),
                                                              (64,'Direksiyon',7),
                                                              (65,'Spor',7),
                                                              (66,'Sanat',7),
                                                              (67,'Dans',7),
                                                              (68,'Müzik & Enstrüman',7),
                                                              (69,'Tiyatro & Oyunculuk',7),
                                                              (70,'Kişisel Gelişim',7),
                                                              (71,'Mesleki Dersler',7),
                                                              (72,'Özel Eğitim',7),
                                                              (73,'Çocuk Gelişimi',7),
                                                              (74,'Güzel Konuşma & Diksiyon',7),
                                                              (75,'Fotoğrafçılık',7),
                                                              (76,'Avukatlık & Hukuki Danışmanlık',8),
                                                              (77,'Eğitim',8),
                                                              (78,'Eğlence ve Aktiviteler',8),
                                                              (79,'Güzellik ve Bakım',8),
                                                              (80,'IT ve Yazılım Geliştirme',8),
                                                              (81,'İnsan Kaynakları',8),
                                                              (82,'İnşaat ve Yapı',8),
                                                              (83,'İşletme ve Stratejik Yönetim',8),
                                                              (84,'Koruma ve Güvenlik',8),
                                                              (85,'Lojistik ve Taşıma',8),
                                                              (86,'Mağazacılık ve Perakendecilik',8),
                                                              (87,'Muhasebe, Finans ve Bankacılık',8),
                                                              (88,'Mühendislik',8),
                                                              (89,'Müşteri Hizmetleri',8),
                                                              (90,'Ofis Yönetimi ve İdari İşler',8),
                                                              (91,'Part Time ve Ek İş Fırsatları',8),
                                                              (92,'Pazarlama ve Ürün Yönetimi',8),
                                                              (93,'Radyo, Sinema & Televizyon',8),
                                                              (94,'Restoran ve Konaklama',8),
                                                              (95,'Sağlık',8),
                                                              (96,'Satış',8),
                                                              (97,'Tamir ve Bakım',8),
                                                              (98,'Tarım ve Hayvancılık',8),
                                                              (99,'Tasarım ve Yaratıcılık',8),
                                                              (100,'Tekstil ve Konfeksiyon',8),
                                                              (101,'Üretim ve İmalat',8),
                                                              (102,'Bebek & Çocuk Bakıcısı',9),
                                                              (103,'Yaşlı & Hasta Bakıcısı',9),
                                                              (104,'Temizlikçi & Ev İşlerine Yardımcı',9),
                                                              (105,'Evcil Hayvanlar',10),
                                                              (106,'Akvaryum Balıkları',10),
                                                              (107,'Aksesuarlar',10),
                                                              (108,'Bakım Ürünleri',10),
                                                              (109,'Yem & Mama',10),
                                                              (110,'Kümes Hayvanları',10),
                                                              (111,'Büyükbaş Hayvanlar',10),
                                                              (112,'Küçükbaş Hayvanlar',10),
                                                              (113,'Deniz Canlıları',10),
                                                              (114,'Sürüngenler',10),
                                                              (115,'Böcekler',10);


INSERT INTO public.iller (id, il_adi) VALUES
                                          (1,'ADANA'),
                                          (2,'ADIYAMAN'),
                                          (3,'AFYON'),
                                          (4,'AĞRI'),
                                          (5,'AMASYA'),
                                          (6,'ANKARA'),
                                          (7,'ANTALYA'),
                                          (8,'ARTVİN'),
                                          (9,'AYDIN'),
                                          (10,'BALIKESİR'),
                                          (11,'BİLECİK'),
                                          (12,'BİNGÖL'),
                                          (13,'BİTLİS'),
                                          (14,'BOLU'),
                                          (15,'BURDUR'),
                                          (16,'BURSA'),
                                          (17,'ÇANAKKALE'),
                                          (18,'ÇANKIRI'),
                                          (19,'ÇORUM'),
                                          (20,'DENİZLİ'),
                                          (21,'DİYARBAKIR'),
                                          (22,'EDİRNE'),
                                          (23,'ELAZIĞ'),
                                          (24,'ERZİNCAN'),
                                          (25,'ERZURUM'),
                                          (26,'ESKİŞEHİR'),
                                          (27,'GAZİANTEP'),
                                          (28,'GİRESUN'),
                                          (29,'GÜMÜŞHANE'),
                                          (30,'HAKKARİ'),
                                          (31,'HATAY'),
                                          (32,'ISPARTA'),
                                          (33,'İÇEL'),
                                          (34,'İSTANBUL'),
                                          (35,'İZMİR'),
                                          (36,'KARS'),
                                          (37,'KASTAMONU'),
                                          (38,'KAYSERİ'),
                                          (39,'KIRKLARELİ'),
                                          (40,'KIRŞEHİR'),
                                          (41,'KOCAELİ'),
                                          (42,'KONYA'),
                                          (43,'KÜTAHYA'),
                                          (44,'MALATYA'),
                                          (45,'MANİSA'),
                                          (46,'KAHRAMANMARAŞ'),
                                          (47,'MARDİN'),
                                          (48,'MUĞLA'),
                                          (49,'MUŞ'),
                                          (50,'NEVŞEHİR'),
                                          (51,'NİĞDE'),
                                          (52,'ORDU'),
                                          (53,'RİZE'),
                                          (54,'SAKARYA'),
                                          (55,'SAMSUN'),
                                          (56,'SİİRT'),
                                          (57,'SİNOP'),
                                          (58,'SİVAS'),
                                          (59,'TEKİRDAĞ'),
                                          (60,'TOKAT'),
                                          (61,'TRABZON'),
                                          (62,'TUNCELİ'),
                                          (63,'ŞANLIURFA'),
                                          (64,'UŞAK'),
                                          (65,'VAN'),
                                          (66,'YOZGAT'),
                                          (67,'ZONGULDAK'),
                                          (68,'AKSARAY'),
                                          (69,'BAYBURT'),
                                          (70,'KARAMAN'),
                                          (71,'KIRIKKALE'),
                                          (72,'BATMAN'),
                                          (73,'ŞIRNAK'),
                                          (74,'BARTIN'),
                                          (75,'ARDAHAN'),
                                          (76,'IĞDIR'),
                                          (77,'YALOVA'),
                                          (78,'KARABÜK'),
                                          (79,'KİLİS'),
                                          (80,'OSMANİYE'),
                                          (81,'DÜZCE');


INSERT INTO public.ilce (id, ilce_adi, il_id) VALUES (1,'ALADAĞ',1),
                                                     (2,'CEYHAN',1),
                                                     (3,'ÇUKUROVA',1),
                                                     (4,'FEKE',1),
                                                     (5,'İMAMOĞLU',1),
                                                     (6,'KARAİSALI',1),
                                                     (7,'KARATAŞ',1),
                                                     (8,'KOZAN',1),
                                                     (9,'POZANTI',1),
                                                     (10,'SAİMBEYLİ',1),
                                                     (11,'SARIÇAM',1),
                                                     (12,'SEYHAN',1),
                                                     (13,'TUFANBEYLİ',1),
                                                     (14,'YUMURTALIK',1),
                                                     (15,'YÜREĞİR',1),
                                                     (16,'BESNİ',2),
                                                     (17,'ÇELİKHAN',2),
                                                     (18,'GERGER',2),
                                                     (19,'GÖLBAŞI',2),
                                                     (20,'KAHTA',2),
                                                     (21,'MERKEZ',2),
                                                     (22,'SAMSAT',2),
                                                     (23,'SİNCİK',2),
                                                     (24,'TUT',2),
                                                     (25,'BAŞMAKÇI',3),
                                                     (26,'BAYAT',3),
                                                     (27,'BOLVADİN',3),
                                                     (28,'ÇAY',3),
                                                     (29,'ÇOBANLAR',3),
                                                     (30,'DAZKIRI',3),
                                                     (31,'DİNAR',3),
                                                     (32,'EMİRDAĞ',3),
                                                     (33,'EVCİLER',3),
                                                     (34,'HOCALAR',3),
                                                     (35,'İHSANİYE',3),
                                                     (36,'İSCEHİSAR',3),
                                                     (37,'KIZILÖREN',3),
                                                     (38,'MERKEZ',3),
                                                     (39,'SANDIKLI',3),
                                                     (40,'SİNANPAŞA',3),
                                                     (41,'SULTANDAĞI',3),
                                                     (42,'ŞUHUT',3),
                                                     (43,'DİYADİN',4),
                                                     (44,'DOĞUBAYAZIT',4),
                                                     (45,'ELEŞKİRT',4),
                                                     (46,'HAMUR',4),
                                                     (47,'MERKEZ',4),
                                                     (48,'PATNOS',4),
                                                     (49,'TAŞLIÇAY',4),
                                                     (50,'TUTAK',4),
                                                     (51,'AĞAÇÖREN',68),
                                                     (52,'ESKİL',68),
                                                     (53,'GÜLAĞAÇ',68),
                                                     (54,'GÜZELYURT',68),
                                                     (55,'MERKEZ',68),
                                                     (56,'ORTAKÖY',68),
                                                     (57,'SARIYAHŞİ',68),
                                                     (58,'SULTANHANI',68),
                                                     (59,'GÖYNÜCEK',5),
                                                     (60,'GÜMÜŞHACIKÖY',5),
                                                     (61,'HAMAMÖZÜ',5),
                                                     (62,'MERKEZ',5),
                                                     (63,'MERZİFON',5),
                                                     (64,'SULUOVA',5),
                                                     (65,'TAŞOVA',5),
                                                     (66,'AKYURT',6),
                                                     (67,'ALTINDAĞ',6),
                                                     (68,'AYAŞ',6),
                                                     (69,'BALA',6),
                                                     (70,'BEYPAZARI',6),
                                                     (71,'ÇAMLIDERE',6),
                                                     (72,'ÇANKAYA',6),
                                                     (73,'ÇUBUK',6),
                                                     (74,'ELMADAĞ',6),
                                                     (75,'ETİMESGUT',6),
                                                     (76,'EVREN',6),
                                                     (77,'GÖLBAŞI',6),
                                                     (78,'GÜDÜL',6),
                                                     (79,'HAYMANA',6),
                                                     (80,'KAHRAMANKAZAN',6),
                                                     (81,'KALECİK',6),
                                                     (82,'KEÇİÖREN',6),
                                                     (83,'KIZILCAHAMAM',6),
                                                     (84,'MAMAK',6),
                                                     (85,'NALLIHAN',6),
                                                     (86,'POLATLI',6),
                                                     (87,'PURSAKLAR',6),
                                                     (88,'SİNCAN',6),
                                                     (89,'ŞEREFLİKOÇHİSAR',6),
                                                     (90,'YENİMAHALLE',6),
                                                     (91,'AKSEKİ',7),
                                                     (92,'AKSU',7),
                                                     (93,'ALANYA',7),
                                                     (94,'DEMRE',7),
                                                     (95,'DÖŞEMEALTI',7),
                                                     (96,'ELMALI',7),
                                                     (97,'FİNİKE',7),
                                                     (98,'GAZİPAŞA',7),
                                                     (99,'GÜNDOĞMUŞ',7),
                                                     (100,'İBRADI',7),
                                                     (101,'KAŞ',7),
                                                     (102,'KEMER',7),
                                                     (103,'KEPEZ',7),
                                                     (104,'KONYAALTI',7),
                                                     (105,'KORKUTELİ',7),
                                                     (106,'KUMLUCA',7),
                                                     (107,'MANAVGAT',7),
                                                     (108,'MURATPAŞA',7),
                                                     (109,'SERİK',7),
                                                     (110,'ÇILDIR',75),
                                                     (111,'DAMAL',75),
                                                     (112,'GÖLE',75),
                                                     (113,'HANAK',75),
                                                     (114,'MERKEZ',75),
                                                     (115,'POSOF',75),
                                                     (116,'ARDANUÇ',8),
                                                     (117,'ARHAVİ',8),
                                                     (118,'BORÇKA',8),
                                                     (119,'HOPA',8),
                                                     (120,'KEMALPAŞA',8),
                                                     (121,'MERKEZ',8),
                                                     (122,'MURGUL',8),
                                                     (123,'ŞAVŞAT',8),
                                                     (124,'YUSUFELİ',8),
                                                     (125,'BOZDOĞAN',9),
                                                     (126,'BUHARKENT',9),
                                                     (127,'ÇİNE',9),
                                                     (128,'DİDİM',9),
                                                     (129,'EFELER',9),
                                                     (130,'GERMENCİK',9),
                                                     (131,'İNCİRLİOVA',9),
                                                     (132,'KARACASU',9),
                                                     (133,'KARPUZLU',9),
                                                     (134,'KOÇARLI',9),
                                                     (135,'KÖŞK',9),
                                                     (136,'KUŞADASI',9),
                                                     (137,'KUYUCAK',9),
                                                     (138,'NAZİLLİ',9),
                                                     (139,'SÖKE',9),
                                                     (140,'SULTANHİSAR',9),
                                                     (141,'YENİPAZAR',9),
                                                     (142,'ALTIEYLÜL',10),
                                                     (143,'AYVALIK',10),
                                                     (144,'BALYA',10),
                                                     (145,'BANDIRMA',10),
                                                     (146,'BİGADİÇ',10),
                                                     (147,'BURHANİYE',10),
                                                     (148,'DURSUNBEY',10),
                                                     (149,'EDREMİT',10),
                                                     (150,'ERDEK',10),
                                                     (151,'GÖMEÇ',10),
                                                     (152,'GÖNEN',10),
                                                     (153,'HAVRAN',10),
                                                     (154,'İVRİNDİ',10),
                                                     (155,'KARESİ',10),
                                                     (156,'KEPSUT',10),
                                                     (157,'MANYAS',10),
                                                     (158,'MARMARA',10),
                                                     (159,'SAVAŞTEPE',10),
                                                     (160,'SINDIRGI',10),
                                                     (161,'SUSURLUK',10),
                                                     (162,'AMASRA',74),
                                                     (163,'KURUCAŞİLE',74),
                                                     (164,'MERKEZ',74),
                                                     (165,'ULUS',74),
                                                     (166,'BEŞİRİ',72),
                                                     (167,'GERCÜŞ',72),
                                                     (168,'HASANKEYF',72),
                                                     (169,'KOZLUK',72),
                                                     (170,'MERKEZ',72),
                                                     (171,'SASON',72),
                                                     (172,'AYDINTEPE',69),
                                                     (173,'DEMİRÖZÜ',69),
                                                     (174,'MERKEZ',69),
                                                     (175,'BOZÜYÜK',11),
                                                     (176,'GÖLPAZARI',11),
                                                     (177,'İNHİSAR',11),
                                                     (178,'MERKEZ',11),
                                                     (179,'OSMANELİ',11),
                                                     (180,'PAZARYERİ',11),
                                                     (181,'SÖĞÜT',11),
                                                     (182,'YENİPAZAR',11),
                                                     (183,'ADAKLI',12),
                                                     (184,'GENÇ',12),
                                                     (185,'KARLIOVA',12),
                                                     (186,'KİĞI',12),
                                                     (187,'MERKEZ',12),
                                                     (188,'SOLHAN',12),
                                                     (189,'YAYLADERE',12),
                                                     (190,'YEDİSU',12),
                                                     (191,'ADİLCEVAZ',13),
                                                     (192,'AHLAT',13),
                                                     (193,'GÜROYMAK',13),
                                                     (194,'HİZAN',13),
                                                     (195,'MERKEZ',13),
                                                     (196,'MUTKİ',13),
                                                     (197,'TATVAN',13),
                                                     (198,'DÖRTDİVAN',14),
                                                     (199,'GEREDE',14),
                                                     (200,'GÖYNÜK',14),
                                                     (201,'KIBRISCIK',14),
                                                     (202,'MENGEN',14),
                                                     (203,'MERKEZ',14),
                                                     (204,'MUDURNU',14),
                                                     (205,'SEBEN',14),
                                                     (206,'YENİÇAĞA',14),
                                                     (207,'AĞLASUN',15),
                                                     (208,'ALTINYAYLA',15),
                                                     (209,'BUCAK',15),
                                                     (210,'ÇAVDIR',15),
                                                     (211,'ÇELTİKÇİ',15),
                                                     (212,'GÖLHİSAR',15),
                                                     (213,'KARAMANLI',15),
                                                     (214,'KEMER',15),
                                                     (215,'MERKEZ',15),
                                                     (216,'TEFENNİ',15),
                                                     (217,'YEŞİLOVA',15),
                                                     (218,'BÜYÜKORHAN',16),
                                                     (219,'GEMLİK',16),
                                                     (220,'GÜRSU',16),
                                                     (221,'HARMANCIK',16),
                                                     (222,'İNEGÖL',16),
                                                     (223,'İZNİK',16),
                                                     (224,'KARACABEY',16),
                                                     (225,'KELES',16),
                                                     (226,'KESTEL',16),
                                                     (227,'MUDANYA',16),
                                                     (228,'MUSTAFAKEMALPAŞA',16),
                                                     (229,'NİLÜFER',16),
                                                     (230,'ORHANELİ',16),
                                                     (231,'ORHANGAZİ',16),
                                                     (232,'OSMANGAZİ',16),
                                                     (233,'YENİŞEHİR',16),
                                                     (234,'YILDIRIM',16),
                                                     (235,'AYVACIK',17),
                                                     (236,'BAYRAMİÇ',17),
                                                     (237,'BİGA',17),
                                                     (238,'BOZCAADA',17),
                                                     (239,'ÇAN',17),
                                                     (240,'ECEABAT',17),
                                                     (241,'EZİNE',17),
                                                     (242,'GELİBOLU',17),
                                                     (243,'GÖKÇEADA',17),
                                                     (244,'LAPSEKİ',17),
                                                     (245,'MERKEZ',17),
                                                     (246,'YENİCE',17),
                                                     (247,'ATKARACALAR',18),
                                                     (248,'BAYRAMÖREN',18),
                                                     (249,'ÇERKEŞ',18),
                                                     (250,'ELDİVAN',18),
                                                     (251,'ILGAZ',18),
                                                     (252,'KIZILIRMAK',18),
                                                     (253,'KORGUN',18),
                                                     (254,'KURŞUNLU',18),
                                                     (255,'MERKEZ',18),
                                                     (256,'ORTA',18),
                                                     (257,'ŞABANÖZÜ',18),
                                                     (258,'YAPRAKLI',18),
                                                     (259,'ALACA',19),
                                                     (260,'BAYAT',19),
                                                     (261,'BOĞAZKALE',19),
                                                     (262,'DODURGA',19),
                                                     (263,'İSKİLİP',19),
                                                     (264,'KARGI',19),
                                                     (265,'LAÇİN',19),
                                                     (266,'MECİTÖZÜ',19),
                                                     (267,'MERKEZ',19),
                                                     (268,'OĞUZLAR',19),
                                                     (269,'ORTAKÖY',19),
                                                     (270,'OSMANCIK',19),
                                                     (271,'SUNGURLU',19),
                                                     (272,'UĞURLUDAĞ',19),
                                                     (273,'ACIPAYAM',20),
                                                     (274,'BABADAĞ',20),
                                                     (275,'BAKLAN',20),
                                                     (276,'BEKİLLİ',20),
                                                     (277,'BEYAĞAÇ',20),
                                                     (278,'BOZKURT',20),
                                                     (279,'BULDAN',20),
                                                     (280,'ÇAL',20),
                                                     (281,'ÇAMELİ',20),
                                                     (282,'ÇARDAK',20),
                                                     (283,'ÇİVRİL',20),
                                                     (284,'GÜNEY',20),
                                                     (285,'HONAZ',20),
                                                     (286,'KALE',20),
                                                     (287,'MERKEZEFENDİ',20),
                                                     (288,'PAMUKKALE',20),
                                                     (289,'SARAYKÖY',20),
                                                     (290,'SERİNHİSAR',20),
                                                     (291,'TAVAS',20),
                                                     (292,'BAĞLAR',21),
                                                     (293,'BİSMİL',21),
                                                     (294,'ÇERMİK',21),
                                                     (295,'ÇINAR',21),
                                                     (296,'ÇÜNGÜŞ',21),
                                                     (297,'DİCLE',21),
                                                     (298,'EĞİL',21),
                                                     (299,'ERGANİ',21),
                                                     (300,'HANİ',21),
                                                     (301,'HAZRO',21),
                                                     (302,'KAYAPINAR',21),
                                                     (303,'KOCAKÖY',21),
                                                     (304,'KULP',21),
                                                     (305,'LİCE',21),
                                                     (306,'SİLVAN',21),
                                                     (307,'SUR',21),
                                                     (308,'YENİŞEHİR',21),
                                                     (309,'AKÇAKOCA',81),
                                                     (310,'CUMAYERİ',81),
                                                     (311,'ÇİLİMLİ',81),
                                                     (312,'GÖLYAKA',81),
                                                     (313,'GÜMÜŞOVA',81),
                                                     (314,'KAYNAŞLI',81),
                                                     (315,'MERKEZ',81),
                                                     (316,'YIĞILCA',81),
                                                     (317,'ENEZ',22),
                                                     (318,'HAVSA',22),
                                                     (319,'İPSALA',22),
                                                     (320,'KEŞAN',22),
                                                     (321,'LALAPAŞA',22),
                                                     (322,'MERİÇ',22),
                                                     (323,'MERKEZ',22),
                                                     (324,'SÜLOĞLU',22),
                                                     (325,'UZUNKÖPRÜ',22),
                                                     (326,'AĞIN',23),
                                                     (327,'ALACAKAYA',23),
                                                     (328,'ARICAK',23),
                                                     (329,'BASKİL',23),
                                                     (330,'KARAKOÇAN',23),
                                                     (331,'KEBAN',23),
                                                     (332,'KOVANCILAR',23),
                                                     (333,'MADEN',23),
                                                     (334,'MERKEZ',23),
                                                     (335,'PALU',23),
                                                     (336,'SİVRİCE',23),
                                                     (337,'ÇAYIRLI',24),
                                                     (338,'İLİÇ',24),
                                                     (339,'KEMAH',24),
                                                     (340,'KEMALİYE',24),
                                                     (341,'MERKEZ',24),
                                                     (342,'OTLUKBELİ',24),
                                                     (343,'REFAHİYE',24),
                                                     (344,'TERCAN',24),
                                                     (345,'ÜZÜMLÜ',24),
                                                     (346,'AŞKALE',25),
                                                     (347,'AZİZİYE',25),
                                                     (348,'ÇAT',25),
                                                     (349,'HINIS',25),
                                                     (350,'HORASAN',25),
                                                     (351,'İSPİR',25),
                                                     (352,'KARAÇOBAN',25),
                                                     (353,'KARAYAZI',25),
                                                     (354,'KÖPRÜKÖY',25),
                                                     (355,'NARMAN',25),
                                                     (356,'OLTU',25),
                                                     (357,'OLUR',25),
                                                     (358,'PALANDÖKEN',25),
                                                     (359,'PASİNLER',25),
                                                     (360,'PAZARYOLU',25),
                                                     (361,'ŞENKAYA',25),
                                                     (362,'TEKMAN',25),
                                                     (363,'TORTUM',25),
                                                     (364,'UZUNDERE',25),
                                                     (365,'YAKUTİYE',25),
                                                     (366,'ALPU',26),
                                                     (367,'BEYLİKOVA',26),
                                                     (368,'ÇİFTELER',26),
                                                     (369,'GÜNYÜZÜ',26),
                                                     (370,'HAN',26),
                                                     (371,'İNÖNÜ',26),
                                                     (372,'MAHMUDİYE',26),
                                                     (373,'MİHALGAZİ',26),
                                                     (374,'MİHALIÇÇIK',26),
                                                     (375,'ODUNPAZARI',26),
                                                     (376,'SARICAKAYA',26),
                                                     (377,'SEYİTGAZİ',26),
                                                     (378,'SİVRİHİSAR',26),
                                                     (379,'TEPEBAŞI',26),
                                                     (380,'ARABAN',27),
                                                     (381,'İSLAHİYE',27),
                                                     (382,'KARKAMIŞ',27),
                                                     (383,'NİZİP',27),
                                                     (384,'NURDAĞI',27),
                                                     (385,'OĞUZELİ',27),
                                                     (386,'ŞAHİNBEY',27),
                                                     (387,'ŞEHİTKAMİL',27),
                                                     (388,'YAVUZELİ',27),
                                                     (389,'ALUCRA',28),
                                                     (390,'BULANCAK',28),
                                                     (391,'ÇAMOLUK',28),
                                                     (392,'ÇANAKÇI',28),
                                                     (393,'DERELİ',28),
                                                     (394,'DOĞANKENT',28),
                                                     (395,'ESPİYE',28),
                                                     (396,'EYNESİL',28),
                                                     (397,'GÖRELE',28),
                                                     (398,'GÜCE',28),
                                                     (399,'KEŞAP',28),
                                                     (400,'MERKEZ',28),
                                                     (401,'PİRAZİZ',28),
                                                     (402,'ŞEBİNKARAHİSAR',28),
                                                     (403,'TİREBOLU',28),
                                                     (404,'YAĞLIDERE',28),
                                                     (405,'KELKİT',29),
                                                     (406,'KÖSE',29),
                                                     (407,'KÜRTÜN',29),
                                                     (408,'MERKEZ',29),
                                                     (409,'ŞİRAN',29),
                                                     (410,'TORUL',29),
                                                     (411,'ÇUKURCA',30),
                                                     (412,'DERECİK',30),
                                                     (413,'MERKEZ',30),
                                                     (414,'ŞEMDİNLİ',30),
                                                     (415,'YÜKSEKOVA',30),
                                                     (416,'ALTINÖZÜ',31),
                                                     (417,'ANTAKYA',31),
                                                     (418,'ARSUZ',31),
                                                     (419,'BELEN',31),
                                                     (420,'DEFNE',31),
                                                     (421,'DÖRTYOL',31),
                                                     (422,'ERZİN',31),
                                                     (423,'HASSA',31),
                                                     (424,'İSKENDERUN',31),
                                                     (425,'KIRIKHAN',31),
                                                     (426,'KUMLU',31),
                                                     (427,'PAYAS',31),
                                                     (428,'REYHANLI',31),
                                                     (429,'SAMANDAĞ',31),
                                                     (430,'YAYLADAĞI',31),
                                                     (431,'ARALIK',76),
                                                     (432,'KARAKOYUNLU',76),
                                                     (433,'MERKEZ',76),
                                                     (434,'TUZLUCA',76),
                                                     (435,'AKSU',32),
                                                     (436,'ATABEY',32),
                                                     (437,'EĞİRDİR',32),
                                                     (438,'GELENDOST',32),
                                                     (439,'GÖNEN',32),
                                                     (440,'KEÇİBORLU',32),
                                                     (441,'MERKEZ',32),
                                                     (442,'SENİRKENT',32),
                                                     (443,'SÜTÇÜLER',32),
                                                     (444,'ŞARKİKARAAĞAÇ',32),
                                                     (445,'ULUBORLU',32),
                                                     (446,'YALVAÇ',32),
                                                     (447,'YENİŞARBADEMLİ',32),
                                                     (448,'ADALAR',34),
                                                     (449,'ARNAVUTKÖY',34),
                                                     (450,'ATAŞEHİR',34),
                                                     (451,'AVCILAR',34),
                                                     (452,'BAĞCILAR',34),
                                                     (453,'BAHÇELİEVLER',34),
                                                     (454,'BAKIRKÖY',34),
                                                     (455,'BAŞAKŞEHİR',34),
                                                     (456,'BAYRAMPAŞA',34),
                                                     (457,'BEŞİKTAŞ',34),
                                                     (458,'BEYKOZ',34),
                                                     (459,'BEYLİKDÜZÜ',34),
                                                     (460,'BEYOĞLU',34),
                                                     (461,'BÜYÜKÇEKMECE',34),
                                                     (462,'ÇATALCA',34),
                                                     (463,'ÇEKMEKÖY',34),
                                                     (464,'ESENLER',34),
                                                     (465,'ESENYURT',34),
                                                     (466,'EYÜPSULTAN',34),
                                                     (467,'FATİH',34),
                                                     (468,'GAZİOSMANPAŞA',34),
                                                     (469,'GÜNGÖREN',34),
                                                     (470,'KADIKÖY',34),
                                                     (471,'KAĞITHANE',34),
                                                     (472,'KARTAL',34),
                                                     (473,'KÜÇÜKÇEKMECE',34),
                                                     (474,'MALTEPE',34),
                                                     (475,'PENDİK',34),
                                                     (476,'SANCAKTEPE',34),
                                                     (477,'SARIYER',34),
                                                     (478,'SİLİVRİ',34),
                                                     (479,'SULTANBEYLİ',34),
                                                     (480,'SULTANGAZİ',34),
                                                     (481,'ŞİLE',34),
                                                     (482,'ŞİŞLİ',34),
                                                     (483,'TUZLA',34),
                                                     (484,'ÜMRANİYE',34),
                                                     (485,'ÜSKÜDAR',34),
                                                     (486,'ZEYTİNBURNU',34),
                                                     (487,'ALİAĞA',35),
                                                     (488,'BALÇOVA',35),
                                                     (489,'BAYINDIR',35),
                                                     (490,'BAYRAKLI',35),
                                                     (491,'BERGAMA',35),
                                                     (492,'BEYDAĞ',35),
                                                     (493,'BORNOVA',35),
                                                     (494,'BUCA',35),
                                                     (495,'ÇEŞME',35),
                                                     (496,'ÇİĞLİ',35),
                                                     (497,'DİKİLİ',35),
                                                     (498,'FOÇA',35),
                                                     (499,'GAZİEMİR',35),
                                                     (500,'GÜZELBAHÇE',35),
                                                     (501,'KARABAĞLAR',35),
                                                     (502,'KARABURUN',35),
                                                     (503,'KARŞIYAKA',35),
                                                     (504,'KEMALPAŞA',35),
                                                     (505,'KINIK',35),
                                                     (506,'KİRAZ',35),
                                                     (507,'KONAK',35),
                                                     (508,'MENDERES',35),
                                                     (509,'MENEMEN',35),
                                                     (510,'NARLIDERE',35),
                                                     (511,'ÖDEMİŞ',35),
                                                     (512,'SEFERİHİSAR',35),
                                                     (513,'SELÇUK',35),
                                                     (514,'TİRE',35),
                                                     (515,'TORBALI',35),
                                                     (516,'URLA',35),
                                                     (517,'AFŞİN',46),
                                                     (518,'ANDIRIN',46),
                                                     (519,'ÇAĞLAYANCERİT',46),
                                                     (520,'DULKADİROĞLU',46),
                                                     (521,'EKİNÖZÜ',46),
                                                     (522,'ELBİSTAN',46),
                                                     (523,'GÖKSUN',46),
                                                     (524,'NURHAK',46),
                                                     (525,'ONİKİŞUBAT',46),
                                                     (526,'PAZARCIK',46),
                                                     (527,'TÜRKOĞLU',46),
                                                     (528,'EFLANİ',78),
                                                     (529,'ESKİPAZAR',78),
                                                     (530,'MERKEZ',78),
                                                     (531,'OVACIK',78),
                                                     (532,'SAFRANBOLU',78),
                                                     (533,'YENİCE',78),
                                                     (534,'AYRANCI',70),
                                                     (535,'BAŞYAYLA',70),
                                                     (536,'ERMENEK',70),
                                                     (537,'KAZIMKARABEKİR',70),
                                                     (538,'MERKEZ',70),
                                                     (539,'SARIVELİLER',70),
                                                     (540,'AKYAKA',36),
                                                     (541,'ARPAÇAY',36),
                                                     (542,'DİGOR',36),
                                                     (543,'KAĞIZMAN',36),
                                                     (544,'MERKEZ',36),
                                                     (545,'SARIKAMIŞ',36),
                                                     (546,'SELİM',36),
                                                     (547,'SUSUZ',36),
                                                     (548,'ABANA',37),
                                                     (549,'AĞLI',37),
                                                     (550,'ARAÇ',37),
                                                     (551,'AZDAVAY',37),
                                                     (552,'BOZKURT',37),
                                                     (553,'CİDE',37),
                                                     (554,'ÇATALZEYTİN',37),
                                                     (555,'DADAY',37),
                                                     (556,'DEVREKANİ',37),
                                                     (557,'DOĞANYURT',37),
                                                     (558,'HANÖNÜ',37),
                                                     (559,'İHSANGAZİ',37),
                                                     (560,'İNEBOLU',37),
                                                     (561,'KÜRE',37),
                                                     (562,'MERKEZ',37),
                                                     (563,'PINARBAŞI',37),
                                                     (564,'SEYDİLER',37),
                                                     (565,'ŞENPAZAR',37),
                                                     (566,'TAŞKÖPRÜ',37),
                                                     (567,'TOSYA',37),
                                                     (568,'AKKIŞLA',38),
                                                     (569,'BÜNYAN',38),
                                                     (570,'DEVELİ',38),
                                                     (571,'FELAHİYE',38),
                                                     (572,'HACILAR',38),
                                                     (573,'İNCESU',38),
                                                     (574,'KOCASİNAN',38),
                                                     (575,'MELİKGAZİ',38),
                                                     (576,'ÖZVATAN',38),
                                                     (577,'PINARBAŞI',38),
                                                     (578,'SARIOĞLAN',38),
                                                     (579,'SARIZ',38),
                                                     (580,'TALAS',38),
                                                     (581,'TOMARZA',38),
                                                     (582,'YAHYALI',38),
                                                     (583,'YEŞİLHİSAR',38),
                                                     (584,'BAHŞILI',71),
                                                     (585,'BALIŞEYH',71),
                                                     (586,'ÇELEBİ',71),
                                                     (587,'DELİCE',71),
                                                     (588,'KARAKEÇİLİ',71),
                                                     (589,'KESKİN',71),
                                                     (590,'MERKEZ',71),
                                                     (591,'SULAKYURT',71),
                                                     (592,'YAHŞİHAN',71),
                                                     (593,'BABAESKİ',39),
                                                     (594,'DEMİRKÖY',39),
                                                     (595,'KOFÇAZ',39),
                                                     (596,'LÜLEBURGAZ',39),
                                                     (597,'MERKEZ',39),
                                                     (598,'PEHLİVANKÖY',39),
                                                     (599,'PINARHİSAR',39),
                                                     (600,'VİZE',39),
                                                     (601,'AKÇAKENT',40),
                                                     (602,'AKPINAR',40),
                                                     (603,'BOZTEPE',40),
                                                     (604,'ÇİÇEKDAĞI',40),
                                                     (605,'KAMAN',40),
                                                     (606,'MERKEZ',40),
                                                     (607,'MUCUR',40),
                                                     (608,'ELBEYLİ',79),
                                                     (609,'MERKEZ',79),
                                                     (610,'MUSABEYLİ',79),
                                                     (611,'POLATELİ',79),
                                                     (612,'BAŞİSKELE',41),
                                                     (613,'ÇAYIROVA',41),
                                                     (614,'DARICA',41),
                                                     (615,'DERİNCE',41),
                                                     (616,'DİLOVASI',41),
                                                     (617,'GEBZE',41),
                                                     (618,'GÖLCÜK',41),
                                                     (619,'İZMİT',41),
                                                     (620,'KANDIRA',41),
                                                     (621,'KARAMÜRSEL',41),
                                                     (622,'KARTEPE',41),
                                                     (623,'KÖRFEZ',41),
                                                     (624,'AHIRLI',42),
                                                     (625,'AKÖREN',42),
                                                     (626,'AKŞEHİR',42),
                                                     (627,'ALTINEKİN',42),
                                                     (628,'BEYŞEHİR',42),
                                                     (629,'BOZKIR',42),
                                                     (630,'CİHANBEYLİ',42),
                                                     (631,'ÇELTİK',42),
                                                     (632,'ÇUMRA',42),
                                                     (633,'DERBENT',42),
                                                     (634,'DEREBUCAK',42),
                                                     (635,'DOĞANHİSAR',42),
                                                     (636,'EMİRGAZİ',42),
                                                     (637,'EREĞLİ',42),
                                                     (638,'GÜNEYSINIR',42),
                                                     (639,'HADİM',42),
                                                     (640,'HALKAPINAR',42),
                                                     (641,'HÜYÜK',42),
                                                     (642,'ILGIN',42),
                                                     (643,'KADINHANI',42),
                                                     (644,'KARAPINAR',42),
                                                     (645,'KARATAY',42),
                                                     (646,'KULU',42),
                                                     (647,'MERAM',42),
                                                     (648,'SARAYÖNÜ',42),
                                                     (649,'SELÇUKLU',42),
                                                     (650,'SEYDİŞEHİR',42),
                                                     (651,'TAŞKENT',42),
                                                     (652,'TUZLUKÇU',42),
                                                     (653,'YALIHÜYÜK',42),
                                                     (654,'YUNAK',42),
                                                     (655,'ALTINTAŞ',43),
                                                     (656,'ASLANAPA',43),
                                                     (657,'ÇAVDARHİSAR',43),
                                                     (658,'DOMANİÇ',43),
                                                     (659,'DUMLUPINAR',43),
                                                     (660,'EMET',43),
                                                     (661,'GEDİZ',43),
                                                     (662,'HİSARCIK',43),
                                                     (663,'MERKEZ',43),
                                                     (664,'PAZARLAR',43),
                                                     (665,'SİMAV',43),
                                                     (666,'ŞAPHANE',43),
                                                     (667,'TAVŞANLI',43),
                                                     (668,'AKÇADAĞ',44),
                                                     (669,'ARAPGİR',44),
                                                     (670,'ARGUVAN',44),
                                                     (671,'BATTALGAZİ',44),
                                                     (672,'DARENDE',44),
                                                     (673,'DOĞANŞEHİR',44),
                                                     (674,'DOĞANYOL',44),
                                                     (675,'HEKİMHAN',44),
                                                     (676,'KALE',44),
                                                     (677,'KULUNCAK',44),
                                                     (678,'PÜTÜRGE',44),
                                                     (679,'YAZIHAN',44),
                                                     (680,'YEŞİLYURT',44),
                                                     (681,'AHMETLİ',45),
                                                     (682,'AKHİSAR',45),
                                                     (683,'ALAŞEHİR',45),
                                                     (684,'DEMİRCİ',45),
                                                     (685,'GÖLMARMARA',45),
                                                     (686,'GÖRDES',45),
                                                     (687,'KIRKAĞAÇ',45),
                                                     (688,'KÖPRÜBAŞI',45),
                                                     (689,'KULA',45),
                                                     (690,'SALİHLİ',45),
                                                     (691,'SARIGÖL',45),
                                                     (692,'SARUHANLI',45),
                                                     (693,'SELENDİ',45),
                                                     (694,'SOMA',45),
                                                     (695,'ŞEHZADELER',45),
                                                     (696,'TURGUTLU',45),
                                                     (697,'YUNUSEMRE',45),
                                                     (698,'ARTUKLU',47),
                                                     (699,'DARGEÇİT',47),
                                                     (700,'DERİK',47),
                                                     (701,'KIZILTEPE',47),
                                                     (702,'MAZIDAĞI',47),
                                                     (703,'MİDYAT',47),
                                                     (704,'NUSAYBİN',47),
                                                     (705,'ÖMERLİ',47),
                                                     (706,'SAVUR',47),
                                                     (707,'YEŞİLLİ',47),
                                                     (708,'AKDENİZ',33),
                                                     (709,'ANAMUR',33),
                                                     (710,'AYDINCIK',33),
                                                     (711,'BOZYAZI',33),
                                                     (712,'ÇAMLIYAYLA',33),
                                                     (713,'ERDEMLİ',33),
                                                     (714,'GÜLNAR',33),
                                                     (715,'MEZİTLİ',33),
                                                     (716,'MUT',33),
                                                     (717,'SİLİFKE',33),
                                                     (718,'TARSUS',33),
                                                     (719,'TOROSLAR',33),
                                                     (720,'YENİŞEHİR',33),
                                                     (721,'BODRUM',48),
                                                     (722,'DALAMAN',48),
                                                     (723,'DATÇA',48),
                                                     (724,'FETHİYE',48),
                                                     (725,'KAVAKLIDERE',48),
                                                     (726,'KÖYCEĞİZ',48),
                                                     (727,'MARMARİS',48),
                                                     (728,'MENTEŞE',48),
                                                     (729,'MİLAS',48),
                                                     (730,'ORTACA',48),
                                                     (731,'SEYDİKEMER',48),
                                                     (732,'ULA',48),
                                                     (733,'YATAĞAN',48),
                                                     (734,'BULANIK',49),
                                                     (735,'HASKÖY',49),
                                                     (736,'KORKUT',49),
                                                     (737,'MALAZGİRT',49),
                                                     (738,'MERKEZ',49),
                                                     (739,'VARTO',49),
                                                     (740,'ACIGÖL',50),
                                                     (741,'AVANOS',50),
                                                     (742,'DERİNKUYU',50),
                                                     (743,'GÜLŞEHİR',50),
                                                     (744,'HACIBEKTAŞ',50),
                                                     (745,'KOZAKLI',50),
                                                     (746,'MERKEZ',50),
                                                     (747,'ÜRGÜP',50),
                                                     (748,'ALTUNHİSAR',51),
                                                     (749,'BOR',51),
                                                     (750,'ÇAMARDI',51),
                                                     (751,'ÇİFTLİK',51),
                                                     (752,'MERKEZ',51),
                                                     (753,'ULUKIŞLA',51),
                                                     (754,'AKKUŞ',52),
                                                     (755,'ALTINORDU',52),
                                                     (756,'AYBASTI',52),
                                                     (757,'ÇAMAŞ',52),
                                                     (758,'ÇATALPINAR',52),
                                                     (759,'ÇAYBAŞI',52),
                                                     (760,'FATSA',52),
                                                     (761,'GÖLKÖY',52),
                                                     (762,'GÜLYALI',52),
                                                     (763,'GÜRGENTEPE',52),
                                                     (764,'İKİZCE',52),
                                                     (765,'KABADÜZ',52),
                                                     (766,'KABATAŞ',52),
                                                     (767,'KORGAN',52),
                                                     (768,'KUMRU',52),
                                                     (769,'MESUDİYE',52),
                                                     (770,'PERŞEMBE',52),
                                                     (771,'ULUBEY',52),
                                                     (772,'ÜNYE',52),
                                                     (773,'BAHÇE',80),
                                                     (774,'DÜZİÇİ',80),
                                                     (775,'HASANBEYLİ',80),
                                                     (776,'KADİRLİ',80),
                                                     (777,'MERKEZ',80),
                                                     (778,'SUMBAS',80),
                                                     (779,'TOPRAKKALE',80),
                                                     (780,'ARDEŞEN',53),
                                                     (781,'ÇAMLIHEMŞİN',53),
                                                     (782,'ÇAYELİ',53),
                                                     (783,'DEREPAZARI',53),
                                                     (784,'FINDIKLI',53),
                                                     (785,'GÜNEYSU',53),
                                                     (786,'HEMŞİN',53),
                                                     (787,'İKİZDERE',53),
                                                     (788,'İYİDERE',53),
                                                     (789,'KALKANDERE',53),
                                                     (790,'MERKEZ',53),
                                                     (791,'PAZAR',53),
                                                     (792,'ADAPAZARI',54),
                                                     (793,'AKYAZI',54),
                                                     (794,'ARİFİYE',54),
                                                     (795,'ERENLER',54),
                                                     (796,'FERİZLİ',54),
                                                     (797,'GEYVE',54),
                                                     (798,'HENDEK',54),
                                                     (799,'KARAPÜRÇEK',54),
                                                     (800,'KARASU',54),
                                                     (801,'KAYNARCA',54),
                                                     (802,'KOCAALİ',54),
                                                     (803,'PAMUKOVA',54),
                                                     (804,'SAPANCA',54),
                                                     (805,'SERDİVAN',54),
                                                     (806,'SÖĞÜTLÜ',54),
                                                     (807,'TARAKLI',54),
                                                     (808,'19 MAYIS',55),
                                                     (809,'ALAÇAM',55),
                                                     (810,'ASARCIK',55),
                                                     (811,'ATAKUM',55),
                                                     (812,'AYVACIK',55),
                                                     (813,'BAFRA',55),
                                                     (814,'CANİK',55),
                                                     (815,'ÇARŞAMBA',55),
                                                     (816,'HAVZA',55),
                                                     (817,'İLKADIM',55),
                                                     (818,'KAVAK',55),
                                                     (819,'LADİK',55),
                                                     (820,'SALIPAZARI',55),
                                                     (821,'TEKKEKÖY',55),
                                                     (822,'TERME',55),
                                                     (823,'VEZİRKÖPRÜ',55),
                                                     (824,'YAKAKENT',55),
                                                     (825,'BAYKAN',56),
                                                     (826,'ERUH',56),
                                                     (827,'KURTALAN',56),
                                                     (828,'MERKEZ',56),
                                                     (829,'PERVARİ',56),
                                                     (830,'ŞİRVAN',56),
                                                     (831,'TİLLO',56),
                                                     (832,'AYANCIK',57),
                                                     (833,'BOYABAT',57),
                                                     (834,'DİKMEN',57),
                                                     (835,'DURAĞAN',57),
                                                     (836,'ERFELEK',57),
                                                     (837,'GERZE',57),
                                                     (838,'MERKEZ',57),
                                                     (839,'SARAYDÜZÜ',57),
                                                     (840,'TÜRKELİ',57),
                                                     (841,'AKINCILAR',58),
                                                     (842,'ALTINYAYLA',58),
                                                     (843,'DİVRİĞİ',58),
                                                     (844,'DOĞANŞAR',58),
                                                     (845,'GEMEREK',58),
                                                     (846,'GÖLOVA',58),
                                                     (847,'GÜRÜN',58),
                                                     (848,'HAFİK',58),
                                                     (849,'İMRANLI',58),
                                                     (850,'KANGAL',58),
                                                     (851,'KOYULHİSAR',58),
                                                     (852,'MERKEZ',58),
                                                     (853,'SUŞEHRİ',58),
                                                     (854,'ŞARKIŞLA',58),
                                                     (855,'ULAŞ',58),
                                                     (856,'YILDIZELİ',58),
                                                     (857,'ZARA',58),
                                                     (858,'AKÇAKALE',63),
                                                     (859,'BİRECİK',63),
                                                     (860,'BOZOVA',63),
                                                     (861,'CEYLANPINAR',63),
                                                     (862,'EYYÜBİYE',63),
                                                     (863,'HALFETİ',63),
                                                     (864,'HALİLİYE',63),
                                                     (865,'HARRAN',63),
                                                     (866,'HİLVAN',63),
                                                     (867,'KARAKÖPRÜ',63),
                                                     (868,'SİVEREK',63),
                                                     (869,'SURUÇ',63),
                                                     (870,'VİRANŞEHİR',63),
                                                     (871,'BEYTÜŞŞEBAP',73),
                                                     (872,'CİZRE',73),
                                                     (873,'GÜÇLÜKONAK',73),
                                                     (874,'İDİL',73),
                                                     (875,'MERKEZ',73),
                                                     (876,'SİLOPİ',73),
                                                     (877,'ULUDERE',73),
                                                     (878,'ÇERKEZKÖY',59),
                                                     (879,'ÇORLU',59),
                                                     (880,'ERGENE',59),
                                                     (881,'HAYRABOLU',59),
                                                     (882,'KAPAKLI',59),
                                                     (883,'MALKARA',59),
                                                     (884,'MARMARAEREĞLİSİ',59),
                                                     (885,'MURATLI',59),
                                                     (886,'SARAY',59),
                                                     (887,'SÜLEYMANPAŞA',59),
                                                     (888,'ŞARKÖY',59),
                                                     (889,'ALMUS',60),
                                                     (890,'ARTOVA',60),
                                                     (891,'BAŞÇİFTLİK',60),
                                                     (892,'ERBAA',60),
                                                     (893,'MERKEZ',60),
                                                     (894,'NİKSAR',60),
                                                     (895,'PAZAR',60),
                                                     (896,'REŞADİYE',60),
                                                     (897,'SULUSARAY',60),
                                                     (898,'TURHAL',60),
                                                     (899,'YEŞİLYURT',60),
                                                     (900,'ZİLE',60),
                                                     (901,'AKÇAABAT',61),
                                                     (902,'ARAKLI',61),
                                                     (903,'ARSİN',61),
                                                     (904,'BEŞİKDÜZÜ',61),
                                                     (905,'ÇARŞIBAŞI',61),
                                                     (906,'ÇAYKARA',61),
                                                     (907,'DERNEKPAZARI',61),
                                                     (908,'DÜZKÖY',61),
                                                     (909,'HAYRAT',61),
                                                     (910,'KÖPRÜBAŞI',61),
                                                     (911,'MAÇKA',61),
                                                     (912,'OF',61),
                                                     (913,'ORTAHİSAR',61),
                                                     (914,'SÜRMENE',61),
                                                     (915,'ŞALPAZARI',61),
                                                     (916,'TONYA',61),
                                                     (917,'VAKFIKEBİR',61),
                                                     (918,'YOMRA',61),
                                                     (919,'ÇEMİŞGEZEK',62),
                                                     (920,'HOZAT',62),
                                                     (921,'MAZGİRT',62),
                                                     (922,'MERKEZ',62),
                                                     (923,'NAZIMİYE',62),
                                                     (924,'OVACIK',62),
                                                     (925,'PERTEK',62),
                                                     (926,'PÜLÜMÜR',62),
                                                     (927,'BANAZ',64),
                                                     (928,'EŞME',64),
                                                     (929,'KARAHALLI',64),
                                                     (930,'MERKEZ',64),
                                                     (931,'SİVASLI',64),
                                                     (932,'ULUBEY',64),
                                                     (933,'BAHÇESARAY',65),
                                                     (934,'BAŞKALE',65),
                                                     (935,'ÇALDIRAN',65),
                                                     (936,'ÇATAK',65),
                                                     (937,'EDREMİT',65),
                                                     (938,'ERCİŞ',65),
                                                     (939,'GEVAŞ',65),
                                                     (940,'GÜRPINAR',65),
                                                     (941,'İPEKYOLU',65),
                                                     (942,'MURADİYE',65),
                                                     (943,'ÖZALP',65),
                                                     (944,'SARAY',65),
                                                     (945,'TUŞBA',65),
                                                     (946,'ALTINOVA',77),
                                                     (947,'ARMUTLU',77),
                                                     (948,'ÇINARCIK',77),
                                                     (949,'ÇİFTLİKKÖY',77),
                                                     (950,'MERKEZ',77),
                                                     (951,'TERMAL',77),
                                                     (952,'AKDAĞMADENİ',66),
                                                     (953,'AYDINCIK',66),
                                                     (954,'BOĞAZLIYAN',66),
                                                     (955,'ÇANDIR',66),
                                                     (956,'ÇAYIRALAN',66),
                                                     (957,'ÇEKEREK',66),
                                                     (958,'KADIŞEHRİ',66),
                                                     (959,'MERKEZ',66),
                                                     (960,'SARAYKENT',66),
                                                     (961,'SARIKAYA',66),
                                                     (962,'SORGUN',66),
                                                     (963,'ŞEFAATLİ',66),
                                                     (964,'YENİFAKILI',66),
                                                     (965,'YERKÖY',66),
                                                     (966,'ALAPLI',67),
                                                     (967,'ÇAYCUMA',67),
                                                     (968,'DEVREK',67),
                                                     (969,'EREĞLİ',67),
                                                     (970,'GÖKÇEBEY',67),
                                                     (971,'KİLİMLİ',67),
                                                     (972,'KOZLU',67),
                                                     (973,'MERKEZ',67);


INSERT INTO public.marka(id, marka_adi,altkategori_id)
VALUES (1,'Acura',8),
       (2,'Alfa Romeo',8),
       (3,'Anadol',8),
       (4,'Aston Martin',8),
       (5,'Audi',8),
       (6,'Bentley',8),
       (7,'BMW',8),
       (8,'Bugatti',8),
       (9,'Cadillac',8),
       (10,'Chery',8),
       (11,'Chevrolet',8),
       (12,'Chrysler',8),
       (13,'Citroën',8),
       (14,'Cupra',8),
       (15,'Dacia',8),
       (16,'Daihatsu',8),
       (17,'Dodge',8),
       (18,'DS Automobiles',8),
       (19,'Ferrari',8),
       (20,'Fiat',8),
       (21,'Ford',8),
       (22,'Geely',8),
       (23,'Hennessey',8),
       (24,'Honda',8),
       (25,'Hyundai',8),
       (26,'Infiniti',8),
       (27,'Isuzu',8),
       (28,'Jaguar',8),
       (29,'Kia',8),
       (30,'Koenigsegg',8),
       (31,'Lada',8),
       (32,'Lamborghini',8),
       (33,'Lancia',8),
       (34,'Lexus',8),
       (35,'Lincoln',8),
       (36,'Lotus',8),
       (37,'Maserati',8),
       (38,'Maybach',8),
       (39,'Mazda',8),
       (40,'McLaren',8),
       (41,'Mercedes - Benz',8),
       (42,'Mini',8),
       (43,'Mitsubishi',8),
       (44,'Nissan',8),
       (45,'Opel',8),
       (46,'Pagani',8),
       (47,'Peugeot',8),
       (48,'Plymouth',8),
       (49,'Pontiac',8),
       (50,'Porsche',8),
       (51,'Proton',8),
       (52,'Renault',8),
       (53,'Rolls-Royce',8),
       (54,'Rover',8),
       (55,'Saab',8),
       (56,'Seat',8),
       (57,'Skoda',8),
       (58,'Smart',8),
       (59,'Subaru',8),
       (60,'Suzuki',8),
       (61,'Tata',8),
       (62,'Tesla',8),
       (63,'Tofaş',8),
       (64,'Toyota',8),
       (65,'Volkswagen',8),
       (66,'Volvo',8);


INSERT INTO public.marka(id, marka_adi, altkategori_id)
VALUES (67,'Acura',9),
       (68,'Alfa Romeo',9),
       (69,'Aston Martin',9),
       (70,'Audi',9),
       (71,'Bentley',9),
       (72,'BMW',9),
       (73,'Cadillac',9),
       (74,'Chery',9),
       (75,'Chevrolet',9),
       (76,'Chrysler',9),
       (77,'Citroën',9),
       (78,'Cupra',9),
       (79,'Dacia',9),
       (80,'Daihatsu',9),
       (81,'Dodge',9),
       (82,'DS Automobiles',9),
       (83,'Fiat',9),
       (84,'Ford',9),
       (85,'GMC',9),
       (86,'Honda',9),
       (87,'Hummer',9),
       (88,'Hyundai',9),
       (89,'Infiniti',9),
       (90,'Isuzu',9),
       (91,'Jaguar',9),
       (92,'Jeep',9),
       (93,'Kia',9),
       (94,'Lada',9),
       (95,'Lamborghini',9),
       (96,'Land Rover',9),
       (97,'Lexus',9),
       (98,'Lincoln',9),
       (99,'Mahindra',9),
       (100,'Maserati',9),
       (101,'Mazda',9),
       (102,'Mercedes - Benz',9),
       (103,'Mercury',9),
       (104,'Mini',9),
       (105,'Mitsubishi',9),
       (106,'Nissan',9),
       (107,'Opel',9),
       (108,'Peugeot',9),
       (109,'Pontiac',9),
       (110,'Porsche',9),
       (111,'Renault',9),
       (112,'Rolls-Royce',9),
       (113,'Saab',9),
       (114,'Seat',9),
       (115,'Skoda',9),
       (116,'Skywell',9),
       (117,'SsangYong',9),
       (118,'Subaru',9),
       (119,'Suzuki',9),
       (120,'Tata',9),
       (121,'Toyota',9),
       (122,'Volkswagen',9),
       (123,'Volvo',9);


INSERT INTO public.seri(id, seri_adi, marka_id)
VALUES (1,'CL',1),
       (2,'Integra',1),
       (3,'RL',1),
       (4,'RSX',1),
       (5,'TL',1),
       (6,'Vigor',1),
       (7,'Giulia',2),
       (8,'Giulia Quadrifoglio',2),
       (9,'Giulietta',2),
       (10,'145',2),
       (11,'146',2),
       (12,'147',2),
       (13,'155',2),
       (14,'156',2),
       (15,'159',2),
       (16,'164',2),
       (17,'166',2),
       (18,'33',2),
       (19,'4C',2),
       (20,'75',2),
       (21,'8C',2),
       (22,'90',2),
       (23,'Brera',2),
       (24,'GT',2),
       (25,'GTV',2),
       (26,'MiTo',2),
       (27,'Spider',2),
       (28,'Sprint',2),
       (29,'A',3),
       (30,'Böcek',3),
       (31,'SV',3),
       (32,'Cygnet',4),
       (33,'DB11',4),
       (34,'DB7',4),
       (35,'DB9',4),
       (36,'DBS',4),
       (37,'Rapide',4),
       (38,'Vanquish',4),
       (39,'Vantage',4),
       (40,'Virage',4),
       (41,'A1',5),
       (42,'A2',5),
       (43,'A3',5),
       (44,'A4',5),
       (45,'A5',5),
       (46,'A6',5),
       (47,'A7',5),
       (48,'A8',5),
       (49,'R8',5),
       (50,'RS',5),
       (51,'S Serisi',5),
       (52,'TT',5),
       (53,'E-Tron',5),
       (54,'80 Serisi',5),
       (55,'90 Serisi',5),
       (56,'100 Serisi',5),
       (57,'200 Serisi',5),
       (58,'Cabrio ',5),
       (59,'V8',5),
       (60,'Continental',6),
       (61,'Flying Spur',6),
       (62,'Arnage',6),
       (63,'Azure',6),
       (64,'Brooklands',6),
       (65,'Mulsanne',6),
       (66,'1 Serisi',7),
       (67,'2 Serisi',7),
       (68,'3 Serisi',7),
       (69,'4 Serisi',7),
       (70,'5 Serisi',7),
       (71,'6 Serisi',7),
       (72,'7 Serisi',7),
       (73,'8 Serisi',7),
       (74,'i Serisi',7),
       (75,'M Serisi',7),
       (76,'Z Serisi',7),
       (77,'Chiron',8),
       (78,'Veyron',8),
       (79,'EB Serisi',8),
       (80,'CT6',9),
       (81,'CTS',9),
       (82,'BLS',9),
       (83,'Brougham',9),
       (84,'DeVille',9),
       (85,'Eldorado',9),
       (86,'Fleetwood',9),
       (87,'Seville',9),
       (88,'STS',9),
       (89,'XLR',9),
       (90,'Alia',10),
       (91,'Chance',10),
       (92,'Kimo',10),
       (93,'QQ6',10),
       (94,'Niche',10),
       (95,'Aveo',11),
       (96,'Beretta',11),
       (97,'Camaro',11),
       (98,'Caprice',11),
       (99,'Cavalier',11),
       (100,'Celebrity',11),
       (101,'Citation',11),
       (102,'Corsica',11),
       (103,'Corvette',11),
       (104,'Cruze',11),
       (105,'Epica',11),
       (106,'Evanda',11),
       (107,'Geo Storm',11),
       (108,'Impala',11),
       (109,'Kalos',11),
       (110,'Lacetti',11),
       (111,'Lumina',11),
       (112,'Malibu',11),
       (113,'Metro',11),
       (114,'Monte Carlo',11),
       (115,'Nubira',11),
       (116,'Rezzo',11),
       (117,'Spark',11),
       (118,'SSR',11),
       (119,'Uplander',11),
       (120,'200 C',12),
       (121,'300 C',12),
       (122,'300 M',12),
       (123,'Concorde',12),
       (124,'Crossfire',12),
       (125,'Le Baron',12),
       (126,'LHS',12),
       (127,'Neon',12),
       (128,'PT Cruiser',12),
       (129,'Sebring',12),
       (130,'Stratus',12),
       (131,'C1',13),
       (132,'C2',13),
       (133,'C3',13),
       (134,'C3 Picasso',13),
       (135,'C4',13),
       (136,'C4 Grand Picasso',13),
       (137,'C4 Picasso',13),
       (138,'C5',13),
       (139,'C6',13),
       (140,'C8',13),
       (141,'C-Elysée',13),
       (142,'Saxo',13),
       (143,'Xsara',13),
       (144,'AX',13),
       (145,'BX',13),
       (146,'Evasion',13),
       (147,'Xantia',13),
       (148,'XM',13),
       (149,'ZX',13),
       (150,'Leon',14),
       (151,'Lodgy',15),
       (152,'Logan',15),
       (153,'Sandero',15),
       (154,'1304',15),
       (155,'1310',15),
       (156,'1325',15),
       (157,'Nova',15),
       (158,'Solenza',15),
       (159,'Cuore',16),
       (160,'Materia',16),
       (161,'Move',16),
       (162,'Sirion',16),
       (163,'Applause',16),
       (164,'Charade',16),
       (165,'Copen',16),
       (166,'YRV',16),
       (167,'Avenger',17),
       (168,'Challenger',17),
       (169,'Neon',17),
       (170,'Viper',17),
       (171,'Charger',17),
       (172,'Diplomat',17),
       (173,'Intrepid',17),
       (174,'Magnum',17),
       (175,'Monaco',17),
       (176,'Omni',17),
       (177,'Spirit',17),
       (178,'Stealth',17),
       (179,'DS 3',18),
       (180,'DS 4',18),
       (181,'DS 4 Crossback',18),
       (182,'DS 5',18),
       (183,'348',19),
       (184,'360',19),
       (185,'430',19),
       (186,'456',19),
       (187,'458',19),
       (188,'488',19),
       (189,'512',19),
       (190,'550',19),
       (191,'575',19),
       (192,'599',19),
       (193,'612',19),
       (194,'812',19),
       (195,'California',19),
       (196,'F12',19),
       (197,'F355',19),
       (198,'F40',19),
       (199,'F488',19),
       (200,'F50',19),
       (201,'F550',19),
       (202,'F8',19),
       (203,'FF',19),
       (204,'GTC4Lusso',19),
       (205,'LaFerrari',19),
       (206,'Portofino',19),
       (207,'Roma',19),
       (208,'SF90',19),
       (209,'124 Spider',20),
       (210,'126 Bis',20),
       (211,'500 Ailesi',20),
       (212,'Albea',20),
       (213,'Barchetta',20),
       (214,'Brava',20),
       (215,'Bravo',20),
       (216,'Coupe',20),
       (217,'Croma',20),
       (218,'Egea',20),
       (219,'Idea',20),
       (220,'Linea',20),
       (221,'Marea',20),
       (222,'Mirafiori',20),
       (223,'Multipla',20),
       (224,'Palio',20),
       (225,'Panda',20),
       (226,'Punto',20),
       (227,'Regata',20),
       (228,'Sedici',20),
       (229,'Seicento',20),
       (230,'Siena',20),
       (231,'Stilo',20),
       (232,'Tempra',20),
       (233,'Tipo',20),
       (234,'Ulysse',20),
       (235,'Uno',20),
       (236,'B-Max',21),
       (237,'C-Max',21),
       (238,'Escort',21),
       (239,'Fiesta',21),
       (240,'Focus',21),
       (241,'Fusion',21),
       (242,'Galaxy',21),
       (243,'Grand C-Max',21),
       (244,'Ka',21),
       (245,'Mondeo',21),
       (246,'Mustang',21),
       (247,'S-Max',21),
       (248,'Taurus',21),
       (249,'Cougar',21),
       (250,'Crown Victoria',21),
       (251,'Festiva',21),
       (252,'Granada',21),
       (253,'Orion',21),
       (254,'Probe',21),
       (255,'Puma',21),
       (256,'Scorpio',21),
       (257,'Sierra',21),
       (258,'Taunus',21),
       (259,'Thunderbird',21),
       (260,'Echo',22),
       (261,'Emgrand',22),
       (262,'Familia',22),
       (263,'FC',22),
       (264,'Venom GT',23),
       (265,'Accord',24),
       (266,'Capa',24),
       (267,'City',24),
       (268,'Civic',24),
       (269,'Concerto',24),
       (270,'CRX',24),
       (271,'CR-Z',24),
       (272,'E',24),
       (273,'Integra',24),
       (274,'Jazz',24),
       (275,'Legend',24),
       (276,'NSX',24),
       (277,'Prelude',24),
       (278,'S2000',24),
       (279,'Shuttle',24),
       (280,'S-MX',24),
       (281,'Stream',24),
       (282,'Odyssey',24),
       (283,'Accent',25),
       (284,'Accent Blue',25),
       (285,'Accent Era',25),
       (286,'Atos',25),
       (287,'Centennial',25),
       (288,'Coupe',25),
       (289,'Dynasty',25),
       (290,'Elantra',25),
       (291,'Equus',25),
       (292,'Excel',25),
       (293,'Genesis',25),
       (294,'Getz',25),
       (295,'Grandeur',25),
       (296,'Ioniq',25),
       (297,'i10',25),
       (298,'i20',25),
       (299,'i20 Active',25),
       (300,'i20 Troy',25),
       (301,'i30',25),
       (302,'i40',25),
       (303,'iX20',25),
       (304,'Matrix',25),
       (305,'Santamo',25),
       (306,'S-Coupe',25),
       (307,'Sonata',25),
       (308,'Trajet',25),
       (309,'Veloster',25),
       (310,'Q30',26),
       (311,'Q50',26),
       (312,'Q60',26),
       (313,'G',26),
       (314,'I30',26),
       (315,'M',26),
       (316,'Gemini',27),
       (317,'Daimler',28),
       (318,'F-Type',28),
       (319,'Sovereign',28),
       (320,'S-Type',28),
       (321,'XE',28),
       (322,'XF',28),
       (323,'XJ',28),
       (324,'XJR',28),
       (325,'XJS',28),
       (326,'XK8',28),
       (327,'XKR',28),
       (328,'X-Type',28),
       (329,'Cadenza',29),
       (330,'Capital',29),
       (331,'Carens',29),
       (332,'Carnival',29),
       (333,'Ceed',29),
       (334,'Cerato',29),
       (335,'Clarus',29),
       (336,'Magentis',29),
       (337,'Opirus',29),
       (338,'Optima',29),
       (339,'Picanto',29),
       (340,'Pride',29),
       (341,'Pro Ceed',29),
       (342,'Rio',29),
       (343,'Rondo',29),
       (344,'Sephia',29),
       (345,'Shuma',29),
       (346,'Stinger',29),
       (347,'Venga',29),
       (348,'Visto',29),
       (349,'Agera RS',30),
       (350,'Regera',30),
       (351,'CCX',30),
       (352,'Vesta',31),
       (353,'Kalina',31),
       (354,'Nova',31),
       (355,'Priora',31),
       (356,'Samara',31),
       (357,'Tavria',31),
       (358,'VAZ',31),
       (359,'Vega',31),
       (360,'Aventador',32),
       (361,'Centenario',32),
       (362,'Diablo',32),
       (363,'Gallardo',32),
       (364,'Huracan',32),
       (365,'Murcielago',32),
       (366,'Veneno',32),
       (367,'Delta',33),
       (368,'Lybra',33),
       (369,'Thema',33),
       (370,'Y ( Ypsilon )',33),
       (371,'Dedra',33),
       (372,'Kappa',33),
       (373,'Phedra',33),
       (374,'Thesis',33),
       (375,'Zeta',33),
       (376,'CT',34),
       (377,'ES',34),
       (378,'GS',34),
       (379,'IS',34),
       (380,'LC',34),
       (381,'LS',34),
       (382,'RC',34),
       (383,'SC',34),
       (384,'MKS',35),
       (385,'Continental',35),
       (386,'LS',35),
       (387,'Mark',35),
       (388,'Town Car',35),
       (389,'Elise',36),
       (390,'Evora',36),
       (391,'Exige',36),
       (392,'Elan',36),
       (393,'Esprit',36),
       (394,'4 Serisi',37),
       (395,'Cambiocorsa',37),
       (396,'Ghibli',37),
       (397,'GranCabrio',37),
       (398,'GranSport',37),
       (399,'GranTurismo',37),
       (400,'GT',37),
       (401,'Karif',37),
       (402,'MC20',37),
       (403,'Quattroporte',37),
       (404,'Shamal',37),
       (405,'Spyder',37),
       (406,'2.24v',37),
       (407,'62',38),
       (408,'2',39),
       (409,'3',39),
       (410,'5',39),
       (411,'6',39),
       (412,'MPV',39),
       (413,'MX',39),
       (414,'Premacy',39),
       (415,'121',39),
       (416,'323',39),
       (417,'626',39),
       (418,'929',39),
       (419,'Lantis',39),
       (420,'RX',39),
       (421,'Xedos',39),
       (422,'650S Coupe ',40),
       (423,'650S Spider',40),
       (424,'675LT Spider',40),
       (425,'720S ',40),
       (426,'GT',40),
       (427,'MP4-12C',40),
       (428,'AMG GT',41),
       (429,'A Serisi',41),
       (430,'B Serisi',41),
       (431,'CL',41),
       (432,'CLA',41),
       (433,'CLC',41),
       (434,'CLK',41),
       (435,'CLS',41),
       (436,'C Serisi',41),
       (437,'EQS',41),
       (438,'E Serisi',41),
       (439,'Maybach S',41),
       (440,'R Serisi',41),
       (441,'SL',41),
       (442,'SLC',41),
       (443,'SLK',41),
       (444,'SLR',41),
       (445,'SLS AMG',41),
       (446,'S Serisi',41),
       (447,'190',41),
       (448,'200',41),
       (449,'220',41),
       (450,'230',41),
       (451,'240',41),
       (452,'250',41),
       (453,'260',41),
       (454,'280',41),
       (455,'300',41),
       (456,'320',41),
       (457,'350',41),
       (458,'380',41),
       (459,'400',41),
       (460,'420',41),
       (461,'450',41),
       (462,'500',41),
       (463,'560',41),
       (464,'600',41),
       (465,'Cooper',42),
       (466,'Cooper Clubman',42),
       (467,'Cooper Electric',42),
       (468,'John Cooper',42),
       (469,'One',42),
       (470,'Cooper S',42),
       (471,'Attrage',43),
       (472,'Colt',43),
       (473,'Galant',43),
       (474,'Lancer',43),
       (475,'Lancer Evolution',43),
       (476,'3000GT',43),
       (477,'Airtrek',43),
       (478,'Carisma',43),
       (479,'Chariot',43),
       (480,'Diamante',43),
       (481,'Eclipse',43),
       (482,'Grandis',43),
       (483,'Sigma',43),
       (484,'Space Star',43),
       (485,'Space Wagon',43),
       (486,'200 SX',44),
       (487,'300 ZX',44),
       (488,'350 Z',44),
       (489,'Almera',44),
       (490,'Altima',44),
       (491,'Bluebird',44),
       (492,'Cedric',44),
       (493,'Cefiro',44),
       (494,'GT-R',44),
       (495,'Laurel Altima',44),
       (496,'Maxima',44),
       (497,'Micra',44),
       (498,'Note',44),
       (499,'NX Coupe',44),
       (500,'Primera',44),
       (501,'Pulsar',44),
       (502,'Sunny',44),
       (503,'Teana',44),
       (504,'Tiida',44),
       (505,'Tino',44),
       (506,'Adam',45),
       (507,'Agila',45),
       (508,'Ampera',45),
       (509,'Ascona',45),
       (510,'Astra',45),
       (511,'Calibra',45),
       (512,'Cascada',45),
       (513,'Corsa',45),
       (514,'GT (Roadster)',45),
       (515,'Insignia',45),
       (516,'Kadett',45),
       (517,'Manta',45),
       (518,'Meriva',45),
       (519,'Omega',45),
       (520,'Rekord',45),
       (521,'Senator',45),
       (522,'Signum',45),
       (523,'Speedster',45),
       (524,'Tigra',45),
       (525,'Vectra',45),
       (526,'Zafira',45),
       (527,'Huayra',46),
       (528,'Zonda',46),
       (529,'106',47),
       (530,'107',47),
       (531,'205',47),
       (532,'206',47),
       (533,'206 +',47),
       (534,'207',47),
       (535,'208',47),
       (536,'301',47),
       (537,'305',47),
       (538,'306',47),
       (539,'307',47),
       (540,'308',47),
       (541,'309',47),
       (542,'405',47),
       (543,'406',47),
       (544,'407',47),
       (545,'508',47),
       (546,'605',47),
       (547,'607',47),
       (548,'806',47),
       (549,'807',47),
       (550,'RCZ',47),
       (551,'ROA',47),
       (552,'1007',47),
       (553,'Breeze',48),
       (554,'Laser',48),
       (555,'Bonneville ',49),
       (556,'Firebird',49),
       (557,'Grand Am',49),
       (558,'Grand Prix',49),
       (559,'Solstice',49),
       (560,'Sunbird',49),
       (561,'718',50),
       (562,'911',50),
       (563,'918',50),
       (564,'924',50),
       (565,'928',50),
       (566,'944',50),
       (567,'968',50),
       (568,'Boxster',50),
       (569,'Cayenne Coupe',50),
       (570,'Cayman',50),
       (571,'Panamera',50),
       (572,'Taycan',50),
       (573,'Gen-2',51),
       (574,'Saga',51),
       (575,'Savvy',51),
       (576,'Waja',51),
       (577,'218',51),
       (578,'313',51),
       (579,'315',51),
       (580,'316',51),
       (581,'413',51),
       (582,'415',51),
       (583,'416',51),
       (584,'418',51),
       (585,'420',51),
       (586,'Perdana',51),
       (587,'Persona',51),
       (588,'Avantime',52),
       (589,'Clio',52),
       (590,'Espace',52),
       (591,'Fluence',52),
       (592,'Fluence Z.E.',52),
       (593,'Grand Espace',52),
       (594,'Grand Scenic',52),
       (595,'Laguna',52),
       (596,'Latitude',52),
       (597,'Megane',52),
       (598,'Modus',52),
       (599,'Safrane',52),
       (600,'Scenic',52),
       (601,'Symbol',52),
       (602,'Taliant',52),
       (603,'Talisman',52),
       (604,'Tondar',52),
       (605,'Twingo',52),
       (606,'Twizy',52),
       (607,'Vel Satis',52),
       (608,'ZOE',52),
       (609,'R 5',52),
       (610,'R 9',52),
       (611,'R 11',52),
       (612,'R 12',52),
       (613,'R 19',52),
       (614,'R 21',52),
       (615,'R 25',52),
       (616,'Dawn',53),
       (617,'Ghost',53),
       (618,'Phantom',53),
       (619,'Wraith',53),
       (620,'Park Ward',53),
       (621,'Silver',53),
       (622,'25',54),
       (623,'45',54),
       (624,'75',54),
       (625,'111',54),
       (626,'200',54),
       (627,'214',54),
       (628,'216',54),
       (629,'218',54),
       (630,'220',54),
       (631,'400',54),
       (632,'414',54),
       (633,'416',54),
       (634,'420',54),
       (635,'620',54),
       (636,'623',54),
       (637,'820',54),
       (638,'825',54),
       (639,'827',54),
       (640,'MGF',54),
       (641,'Streetwise',54),
       (642,'9-3',55),
       (643,'9-5',55),
       (644,'900',55),
       (645,'9000',55),
       (646,'Alhambra',56),
       (647,'Altea',56),
       (648,'Arona',56),
       (649,'Cordoba',56),
       (650,'Exeo',56),
       (651,'Ibiza',56),
       (652,'Leon',56),
       (653,'Marbella',56),
       (654,'Toledo',56),
       (655,'Citigo',57),
       (656,'Fabia',57),
       (657,'Favorit',57),
       (658,'Felicia',57),
       (659,'Forman',57),
       (660,'Octavia',57),
       (661,'Rapid',57),
       (662,'Roomster',57),
       (663,'Scala',57),
       (664,'Superb',57),
       (665,'Fortwo',58),
       (666,'Forfour',58),
       (667,'Roadster',58),
       (668,'BRZ',59),
       (669,'Impreza',59),
       (670,'Legacy',59),
       (671,'Levorg',59),
       (672,'Justy',59),
       (673,'Leone',59),
       (674,'SVX',59),
       (675,'Vivio',59),
       (676,'Alto',60),
       (677,'Baleno',60),
       (678,'Kizashi',60),
       (679,'Splash',60),
       (680,'Swift',60),
       (681,'SX4',60),
       (682,'Wagon R',60),
       (683,'Ignis',60),
       (684,'Liana',60),
       (685,'Maruti',60),
       (686,'Indica',61),
       (687,'Indigo',61),
       (688,'Marina',61),
       (689,'Vista',61),
       (690,'Manza',61),
       (691,'Model 3',62),
       (692,'Model S',62),
       (693,'Model X',62),
       (694,'Model Y',62),
       (695,'Roadster',62),
       (696,'Doğan',63),
       (697,'Kartal',63),
       (698,'Murat',63),
       (699,'Serçe',63),
       (700,'Şahin',63),
       (701,'Altezza',64),
       (702,'Auris',64),
       (703,'Avensis',64),
       (704,'Avolon',64),
       (705,'Aygo',64),
       (706,'Camry',64),
       (707,'Carina',64),
       (708,'Celica',64),
       (709,'Corolla',64),
       (710,'Corona',64),
       (711,'Cressida',64),
       (712,'Cresta',64),
       (713,'Crown',64),
       (714,'Estima',64),
       (715,'GT86',64),
       (716,'Mark 2',64),
       (717,'MR2',64),
       (718,'Paseo',64),
       (719,'Picnic',64),
       (720,'Previa',64),
       (721,'Prius',64),
       (722,'Scion TC',64),
       (723,'Starlet',64),
       (724,'Supra',64),
       (725,'Tercel',64),
       (726,'Urban Cruiser',64),
       (727,'Verso',64),
       (728,'Windom',64),
       (729,'Yaris',64),
       (730,'Arteon',65),
       (731,'Beetle',65),
       (732,'Bora',65),
       (733,'Corrado',65),
       (734,'EOS',65),
       (735,'Fox',65),
       (736,'Golf',65),
       (737,'ID.3',65),
       (738,'Jetta',65),
       (739,'Lupo',65),
       (740,'Passat',65),
       (741,'Passat Variant',65),
       (742,'Phaeton',65),
       (743,'Polo',65),
       (744,'Santana',65),
       (745,'Scirocco',65),
       (746,'Sharan',65),
       (747,'Touran',65),
       (748,'Up Club',65),
       (749,'Vento',65),
       (750,'VW CC',65),
       (751,'C30',66),
       (752,'C70',66),
       (753,'S40',66),
       (754,'S60',66),
       (755,'S70',66),
       (756,'S80',66),
       (757,'S90',66),
       (758,'V40',66),
       (759,'V40 Cross Country',66),
       (760,'V50',66),
       (761,'V60',66),
       (762,'V60 Cross Country',66),
       (763,'66+B751:B780',66),
       (764,'V90',66),
       (765,'V90 Cross Country',66),
       (766,'240',66),
       (767,'244',66),
       (768,'245',66),
       (769,'340',66),
       (770,'360',66),
       (771,'440',66),
       (772,'460',66),
       (773,'480',66),
       (774,'740',66),
       (775,'760',66),
       (776,'850',66),
       (777,'940',66),
       (778,'960',66);


INSERT INTO public.model(id, model_adi, seri_id)
VALUES (1,'2.2',1),
       (2,'2.3',1),
       (3,'3.0',1),
       (4,'LS',2),
       (5,'3.5',3),
       (6,'Type-S',4),
       (7,'3.2 VTEC',5),
       (8,'GS',6),
       (9,'LS',6),
       (10,'2.0',7),
       (11,'2.0 T',7),
       (12,'2.9',8),
       (13,'1.4 TB',9),
       (14,'1.6 JTD',9),
       (15,'1.75 TBI',9),
       (16,'1.8 TBI',9),
       (17,'1.4',10),
       (18,'1.6',10),
       (19,'1.7',10),
       (20,'2.0',10),
       (21,'1.4',11),
       (22,'1.6',11),
       (23,'1.7',11),
       (24,'1.9 JTD',11),
       (25,'2.0 Ti',11),
       (26,'1.6 TS',12),
       (27,'1.9',12),
       (28,'2.0 TS',12),
       (29,'3.2',12),
       (30,'2.0',13),
       (31,'1.6 TS',14),
       (32,'1.8 TS',14),
       (33,'1.9 JTD ',14),
       (34,'2.0 JTS ',14),
       (35,'2.0 TS',14),
       (36,'2.4 JTD',14),
       (37,'2.5',14),
       (38,'1.8',15),
       (39,'1.9 JTD',15),
       (40,'1.9 JTS',15),
       (41,'2.2 JTS',15),
       (42,'2.4 JTD',15),
       (43,'3.2 JTS',15),
       (44,'2.0',16),
       (45,'3.0',16),
       (46,'2.0',17),
       (47,'2.4',17),
       (48,'2.5',17),
       (49,'3.0',17),
       (50,'1.4',18),
       (51,'1.5',18),
       (52,'1.7',18),
       (53,'1.8 TBi',19),
       (54,'1.6',20),
       (55,'2.0',20),
       (56,'3.0',20),
       (57,'Compotizione',21),
       (58,'2.0',22),
       (59,'2.4 TD',22),
       (60,'2.5i',22),
       (61,'2.2',23),
       (62,'2.4',23),
       (63,'3.2',23),
       (64,'1.9 JTD',24),
       (65,'2.0 JTS',24),
       (66,'3.2',24),
       (67,'2.0',25),
       (68,'1.3 JTD',26),
       (69,'1.4 T',26),
       (70,'1.6 JTD',26),
       (71,'2.0 TS',27),
       (72,'2.2 JTS',27),
       (73,'3.0 TS',27),
       (74,'3.2 JTS',27),
       (75,'1.3',28),
       (76,'1.5',28),
       (77,'1.7',28);



INSERT INTO public.paket (id, paket_adi, model_id)
VALUES (1,'Super',10),
       (2,'Veloce',10),
       (3,'Sprint ',11),
       (4,'Veloce ',11),
       (5,'Distinctive',13),
       (6,'MultiAir Distinctive',13),
       (7,'MultiAir Progression P...',13),
       (8,'MultiAir Super TCT',13),
       (9,'Progression Plus',13),
       (10,'Distinctive',14),
       (11,'Giulietta',14),
       (12,'Progression',14),
       (13,'Progression Plus',14),
       (14,'Sprint',14),
       (15,'Super',14),
       (16,'Super TCT',14),
       (17,'TI',14),
       (18,'Quadrifoglio Verde',15),
       (19,'Quadrifoglio Verde',16),
       (20,'Veloce',16),
       (21,'1.4',17),
       (22,'TS STD',17),
       (23,'1.6',18),
       (24,'L',18),
       (25,'TS',18),
       (26,'TS L',18),
       (27,'TS Sportivo',18),
       (28,'Quadrifoglio',20),
       (29,'TS QV',20),
       (30,'TS',21),
       (31,'TS Ritmo',21),
       (32,'L',22),
       (33,'TS',22),
       (34,'Black Line',26),
       (35,'Collezione',26),
       (36,'Distinctive',26),
       (37,'Progression',26),
       (38,'JTD Q2',27),
       (39,'Distinctive',28),
       (40,'Selespeed Black Line',28),
       (41,'Selespeed Distinctive',28),
       (42,'GTA',29),
       (43,'Q4',30),
       (44,'TS',30),
       (45,'TS Sport',30),
       (46,'TS Super Losso',30),
       (47,'1.6 TS',31),
       (48,'Distinctive',31),
       (49,'Progression',31),
       (50,'Distinctive',32),
       (51,'Impression',33),
       (52,'Sportwagon',33),
       (53,'Distinctive',34),
       (54,'2.0 TS',35),
       (55,'Distinctive',35),
       (56,'Executive',35),
       (57,'Selespeed',35),
       (58,'2.4 JTD',36),
       (59,'Distinctive',36),
       (60,'Progression',36),
       (61,'2.5',37),
       (62,'Distinctive',37),
       (63,'Distinctive',38),
       (64,'Distinctive Plus',38),
       (65,'Distinctive',39),
       (66,'Distinctive Plus',39),
       (67,'Progression',39),
       (68,'Distinctive',40),
       (69,'Progression',40),
       (70,'Distinctive',41),
       (71,'Distinctive',42),
       (72,'Q4 Distinctive',43),
       (73,'TS',44),
       (74,'Turbo',44),
       (75,'TB',46),
       (76,'TS',46),
       (77,'TS Distinctive',46),
       (78,'TS Executive',46),
       (79,'JTD',47),
       (80,'Sportronic',48),
       (81,'Distinctive',49),
       (82,'Sportronic',49),
       (83,'Super',49),
       (84,'IE',50),
       (85,'Giardinetta',51),
       (86,'IE',51),
       (87,'IE',52),
       (88,'IE QV',52),
       (89,'1.8 TBi',53),
       (90,'Twin Spark',55),
       (91,'America',56),
       (92,'Iniezione',58),
       (93,'JTS',61),
       (94,'JTS Sky Window',61),
       (95,'JTD',62),
       (96,'JTD Sky Window',62),
       (97,'JTS Q4',63),
       (98,'JTS Q4 Sky Window',63),
       (99,'Black Line',64),
       (100,'Q2',64),
       (101,'Dis.Selespeed',65),
       (102,'Distinctive',65),
       (103,'Distinctive',66),
       (104,'TB',67),
       (105,'TS',67),
       (106,'City',68),
       (107,'Distinctive',69),
       (108,'MultiAir Distinctive',69),
       (109,'MultiAir Quadrifoglio ...',69),
       (110,'MultiAir TCT',69),
       (111,'MultiAir TCT Sportivo',69),
       (112,'Progression',69),
       (113,'Distinctive',70),
       (114,'Progression',70);

